{"gemini-3.1-flash-lite": 1784462069.590782, "gemini-3-flash-preview": 1784462068.4745233, "gemini-3.5-flash": 1784488743.62259}