{"gemini-3.1-flash-lite": 1783634404.012479, "gemini-3-flash-preview": 1783634414.2888467}